[{"name": "CCA1102", "tStart": 7.5, "lStart": 8.583, "tDelay": 840, "lDelay": -3060, "epLoc": [40.8514, 111.8241], "epTag": "ZBHH", "ft": "arr", "delayH": -3060, "schedH": 8.583, "delayT": 840, "wthTakeDep": 9999, "wthLandDep": 9999, "isTakeDelay": false, "isLandDelay": false, "isFlightDelay": false, "flightDelay": -2220, "cnt_p15": 0, "cnt_p30": 0, "cnt_p60": 0, "cnt_d15": 0, "cnt_d30": 0, "cnt_d60": 0, "cnt_w15": 0, "cnt_w30": 0, "cnt_w60": 0, "preDelayDelta": -412.3}, {"name": "CCA1146", "tStart": 9.25, "lStart": 10.167, "tDelay": 4140, "lDelay": 3720, "epLoc": [37.7469, 112.6284], "epTag": "ZBYN", "ft": "arr", "delayH": 3720, "schedH": 10.167, "delayT": 4140, "wthTakeDep": 9999, "wthLandDep": 9999, "isTakeDelay": true, "isLandDelay": true, "isFlightDelay": true, "flightDelay": 7860, "cnt_p15": 0, "cnt_p30": 0, "cnt_p60": 1, "cnt_d15": 0, "cnt_d30": 0, "cnt_d60": 0, "cnt_w15": 0, "cnt_w30": 0, "cnt_w60": 0, "preDelayDelta": -1319.25}, {"name": "CCA1206", "tStart": 8.667, "lStart": 10.25, "tDelay": 480, "lDelay": 240, "epLoc": [34.4471, 108.7516], "epTag": "ZLXY", "ft": "arr", "delayH": 240, "schedH": 10.25, "delayT": 480, "wthTakeDep": 9999, "wthLandDep": 9999, "isTakeDelay": false, "isLandDelay": false, "isFlightDelay": false, "flightDelay": 720, "cnt_p15": 0, "cnt_p30": 0, "cnt_p60": 1, "cnt_d15": 0, "cnt_d30": 0, "cnt_d60": 0, "cnt_w15": 0, "cnt_w30": 0, "cnt_w60": 0, "preDelayDelta": -3719.667}, {"name": "CCA1310", "tStart": 8.167, "lStart": 10.5, "tDelay": 2100, "lDelay": 2100, "epLoc": [23.3924, 113.2988], "epTag": "ZGGG", "ft": "arr", "delayH": 2100, "schedH": 10.5, "delayT": 2100, "wthTakeDep": 6000, "wthLandDep": 9999, "isTakeDelay": true, "isLandDelay": true, "isFlightDelay": true, "flightDelay": 4200, "cnt_p15": 2, "cnt_p30": 0, "cnt_p60": 1, "cnt_d15": 1, "cnt_d30": 0, "cnt_d60": 0, "cnt_w15": 0, "cnt_w30": 0, "cnt_w60": 0, "preDelayDelta": -238.917}, {"name": "CCA1306", "tStart": 9.083, "lStart": 11.833, "tDelay": 4260, "lDelay": 3660, "epLoc": [22.6395, 113.8124], "epTag": "ZGSZ", "ft": "arr", "delayH": 3660, "schedH": 11.833, "delayT": 4260, "wthTakeDep": 5000, "wthLandDep": 9999, "isTakeDelay": true, "isLandDelay": true, "isFlightDelay": true, "flightDelay": 7920, "cnt_p15": 0, "cnt_p30": 0, "cnt_p60": 3, "cnt_d15": 0, "cnt_d30": 0, "cnt_d60": 2, "cnt_w15": 0, "cnt_w30": 0, "cnt_w60": 0, "preDelayDelta": -179.833}, {"name": "CCA1118", "tStart": 11.25, "lStart": 12.417, "tDelay": 5280, "lDelay": 4560, "epLoc": [40.8514, 111.8241], "epTag": "ZBHH", "ft": "arr", "delayH": 4560, "schedH": 12.417, "delayT": 5280, "wthTakeDep": 9999, "wthLandDep": 9999, "isTakeDelay": true, "isLandDelay": true, "isFlightDelay": true, "flightDelay": 9840, "cnt_p15": 0, "cnt_p30": 1, "cnt_p60": 1, "cnt_d15": 0, "cnt_d30": 1, "cnt_d60": 1, "cnt_w15": 0, "cnt_w30": 0, "cnt_w60": 0, "preDelayDelta": -1019.45}, {"name": "CCA1292", "tStart": 9.25, "lStart": 12.467, "tDelay": 1440, "lDelay": 2340, "epLoc": [43.9071, 87.4742], "epTag": "ZWWW", "ft": "arr", "delayH": 2340, "schedH": 12.467, "delayT": 1440, "wthTakeDep": 2000, "wthLandDep": 9999, "isTakeDelay": true, "isLandDelay": true, "isFlightDelay": true, "flightDelay": 3780, "cnt_p15": 0, "cnt_p30": 1, "cnt_p60": 1, "cnt_d15": 0, "cnt_d30": 1, "cnt_d60": 1, "cnt_w15": 0, "cnt_w30": 0, "cnt_w60": 0, "preDelayDelta": -4559.7}, {"name": "CCA1308", "tStart": 10.0, "lStart": 12.717, "tDelay": 4080, "lDelay": 2820, "epLoc": [22.6395, 113.8124], "epTag": "ZGSZ", "ft": "arr", "delayH": 2820, "schedH": 12.717, "delayT": 4080, "wthTakeDep": 4500, "wthLandDep": 9999, "isTakeDelay": true, "isLandDelay": true, "isFlightDelay": true, "flightDelay": 6900, "cnt_p15": 2, "cnt_p30": 1, "cnt_p60": 0, "cnt_d15": 2, "cnt_d30": 1, "cnt_d60": 0, "cnt_w15": 0, "cnt_w30": 0, "cnt_w60": 0, "preDelayDelta": -2339.717}, {"name": "CCA1232", "tStart": 11.167, "lStart": 12.833, "tDelay": 1500, "lDelay": 780, "epLoc": [34.4471, 108.7516], "epTag": "ZLXY", "ft": "arr", "delayH": 780, "schedH": 12.833, "delayT": 1500, "wthTakeDep": 9999, "wthLandDep": 9999, "isTakeDelay": true, "isLandDelay": true, "isFlightDelay": true, "flightDelay": 2280, "cnt_p15": 2, "cnt_p30": 0, "cnt_p60": 1, "cnt_d15": 2, "cnt_d30": 0, "cnt_d60": 1, "cnt_w15": 0, "cnt_w30": 0, "cnt_w60": 0, "preDelayDelta": 120.167}, {"name": "CCA1256", "tStart": 11.333, "lStart": 12.917, "tDelay": 600, "lDelay": 840, "epLoc": [31.78, 117.2984], "epTag": "ZSOF", "ft": "arr", "delayH": 840, "schedH": 12.917, "delayT": 600, "wthTakeDep": 8000, "wthLandDep": 9999, "isTakeDelay": false, "isLandDelay": true, "isFlightDelay": false, "flightDelay": 1440, "cnt_p15": 1, "cnt_p30": 1, "cnt_p60": 1, "cnt_d15": 1, "cnt_d30": 1, "cnt_d60": 1, "cnt_w15": 0, "cnt_w30": 0, "cnt_w60": 0, "preDelayDelta": -779.75}, {"name": "CCA1330", "tStart": 10.5, "lStart": 13.267, "tDelay": 7260, "lDelay": 5700, "epLoc": [23.3924, 113.2988], "epTag": "ZGGG", "ft": "arr", "delayH": 5700, "schedH": 13.267, "delayT": 7260, "wthTakeDep": 7000, "wthLandDep": 9999, "isTakeDelay": true, "isLandDelay": true, "isFlightDelay": true, "flightDelay": 12960, "cnt_p15": 2, "cnt_p30": 3, "cnt_p60": 1, "cnt_d15": 1, "cnt_d30": 3, "cnt_d60": 1, "cnt_w15": 0, "cnt_w30": 0, "cnt_w60": 0, "preDelayDelta": -1139.75}, {"name": "CCA1296", "tStart": 10.25, "lStart": 13.833, "tDelay": 1200, "lDelay": 180, "epLoc": [43.9071, 87.4742], "epTag": "ZWWW", "ft": "arr", "delayH": 180, "schedH": 13.833, "delayT": 1200, "wthTakeDep": 3000, "wthLandDep": 9999, "isTakeDelay": true, "isLandDelay": false, "isFlightDelay": false, "flightDelay": 1380, "cnt_p15": 0, "cnt_p30": 2, "cnt_p60": 4, "cnt_d15": 0, "cnt_d30": 1, "cnt_d60": 4, "cnt_w15": 0, "cnt_w30": 0, "cnt_w60": 0, "preDelayDelta": -539.6}, {"name": "CCA1290", "tStart": 12.333, "lStart": 13.9, "tDelay": 2040, "lDelay": 1440, "epLoc": [34.4471, 108.7516], "epTag": "ZLXY", "ft": "arr", "delayH": 1440, "schedH": 13.9, "delayT": 2040, "wthTakeDep": 9999, "wthLandDep": 9999, "isTakeDelay": true, "isLandDelay": true, "isFlightDelay": true, "flightDelay": 3480, "cnt_p15": 0, "cnt_p30": 2, "cnt_p60": 4, "cnt_d15": 0, "cnt_d30": 1, "cnt_d60": 4, "cnt_w15": 0, "cnt_w30": 0, "cnt_w60": 0, "preDelayDelta": -178.783}, {"name": "CCA1210", "tStart": 13.583, "lStart": 15.05, "tDelay": 1500, "lDelay": 1380, "epLoc": [34.4471, 108.7516], "epTag": "ZLXY", "ft": "arr", "delayH": 1380, "schedH": 15.05, "delayT": 1500, "wthTakeDep": 9999, "wthLandDep": 9999, "isTakeDelay": true, "isLandDelay": true, "isFlightDelay": true, "flightDelay": 2880, "cnt_p15": 0, "cnt_p30": 0, "cnt_p60": 3, "cnt_d15": 0, "cnt_d30": 0, "cnt_d60": 2, "cnt_w15": 0, "cnt_w30": 0, "cnt_w60": 0, "preDelayDelta": -1438.067}, {"name": "CCA1112", "tStart": 14.667, "lStart": 15.833, "tDelay": 420, "lDelay": -720, "epLoc": [40.8514, 111.8241], "epTag": "ZBHH", "ft": "arr", "delayH": -720, "schedH": 15.833, "delayT": 420, "wthTakeDep": 9999, "wthLandDep": 9999, "isTakeDelay": false, "isLandDelay": false, "isFlightDelay": false, "flightDelay": -300, "cnt_p15": 0, "cnt_p30": 1, "cnt_p60": 1, "cnt_d15": 0, "cnt_d30": 1, "cnt_d60": 1, "cnt_w15": 0, "cnt_w30": 0, "cnt_w60": 0, "preDelayDelta": -1379.05}, {"name": "CCA1322", "tStart": 13.5, "lStart": 16.117, "tDelay": 10620, "lDelay": 9780, "epLoc": [23.3924, 113.2988], "epTag": "ZGGG", "ft": "arr", "delayH": 9780, "schedH": 16.117, "delayT": 10620, "wthTakeDep": 8000, "wthLandDep": 9999, "isTakeDelay": true, "isLandDelay": true, "isFlightDelay": true, "flightDelay": 20400, "cnt_p15": 1, "cnt_p30": 0, "cnt_p60": 1, "cnt_d15": 0, "cnt_d30": 0, "cnt_d60": 1, "cnt_w15": 0, "cnt_w30": 0, "cnt_w60": 0, "preDelayDelta": -2219.85}, {"name": "CCA1224", "tStart": 15.667, "lStart": 17.333, "tDelay": 2880, "lDelay": 2040, "epLoc": [34.4471, 108.7516], "epTag": "ZLXY", "ft": "arr", "delayH": 2040, "schedH": 17.333, "delayT": 2880, "wthTakeDep": 8000, "wthLandDep": 9999, "isTakeDelay": true, "isLandDelay": true, "isFlightDelay": true, "flightDelay": 4920, "cnt_p15": 0, "cnt_p30": 0, "cnt_p60": 2, "cnt_d15": 0, "cnt_d30": 0, "cnt_d60": 1, "cnt_w15": 0, "cnt_w30": 0, "cnt_w60": 0, "preDelayDelta": -2338.567}, {"name": "CCA1312", "tStart": 14.417, "lStart": 17.733, "tDelay": 14580, "lDelay": 13200, "epLoc": [22.6083, 108.1724], "epTag": "ZGNN", "ft": "arr", "delayH": 13200, "schedH": 17.733, "delayT": 14580, "wthTakeDep": 6000, "wthLandDep": 9999, "isTakeDelay": true, "isLandDelay": true, "isFlightDelay": true, "flightDelay": 27780, "cnt_p15": 1, "cnt_p30": 0, "cnt_p60": 2, "cnt_d15": 1, "cnt_d30": 0, "cnt_d60": 1, "cnt_w15": 0, "cnt_w30": 0, "cnt_w60": 0, "preDelayDelta": -1379.666}, {"name": "CCA1316", "tStart": 15.5, "lStart": 17.967, "tDelay": 3840, "lDelay": 3300, "epLoc": [23.3924, 113.2988], "epTag": "ZGGG", "ft": "arr", "delayH": 3300, "schedH": 17.967, "delayT": 3840, "wthTakeDep": 8000, "wthLandDep": 9999, "isTakeDelay": true, "isLandDelay": true, "isFlightDelay": true, "flightDelay": 7140, "cnt_p15": 0, "cnt_p30": 1, "cnt_p60": 1, "cnt_d15": 0, "cnt_d30": 1, "cnt_d60": 1, "cnt_w15": 0, "cnt_w30": 0, "cnt_w60": 0, "preDelayDelta": 4800.716}, {"name": "CCA1314", "tStart": 15.917, "lStart": 18.733, "tDelay": 4740, "lDelay": 3840, "epLoc": [22.6395, 113.8124], "epTag": "ZGSZ", "ft": "arr", "delayH": 3840, "schedH": 18.733, "delayT": 4740, "wthTakeDep": 8000, "wthLandDep": 9999, "isTakeDelay": true, "isLandDelay": true, "isFlightDelay": true, "flightDelay": 8580, "cnt_p15": 0, "cnt_p30": 1, "cnt_p60": 2, "cnt_d15": 0, "cnt_d30": 1, "cnt_d60": 2, "cnt_w15": 0, "cnt_w30": 0, "cnt_w60": 0, "preDelayDelta": -1619.25}, {"name": "CCA1202", "tStart": 17.667, "lStart": 19.383, "tDelay": 2940, "lDelay": 1740, "epLoc": [34.4471, 108.7516], "epTag": "ZLXY", "ft": "arr", "delayH": 1740, "schedH": 19.383, "delayT": 2940, "wthTakeDep": 6000, "wthLandDep": 9999, "isTakeDelay": true, "isLandDelay": true, "isFlightDelay": true, "flightDelay": 4680, "cnt_p15": 0, "cnt_p30": 1, "cnt_p60": 2, "cnt_d15": 0, "cnt_d30": 1, "cnt_d60": 2, "cnt_w15": 0, "cnt_w30": 0, "cnt_w60": 0, "preDelayDelta": -3839.166}, {"name": "CCA1106", "tStart": 18.583, "lStart": 19.583, "tDelay": 660, "lDelay": 120, "epLoc": [40.8514, 111.8241], "epTag": "ZBHH", "ft": "arr", "delayH": 120, "schedH": 19.583, "delayT": 660, "wthTakeDep": 9999, "wthLandDep": 9999, "isTakeDelay": false, "isLandDelay": false, "isFlightDelay": false, "flightDelay": 780, "cnt_p15": 0, "cnt_p30": 1, "cnt_p60": 2, "cnt_d15": 0, "cnt_d30": 1, "cnt_d60": 2, "cnt_w15": 0, "cnt_w30": 0, "cnt_w60": 0, "preDelayDelta": -2399.484}, {"name": "CCA1304", "tStart": 18.0, "lStart": 20.65, "tDelay": 3240, "lDelay": 3240, "epLoc": [22.6395, 113.8124], "epTag": "ZGSZ", "ft": "arr", "delayH": 3240, "schedH": 20.65, "delayT": 3240, "wthTakeDep": 9999, "wthLandDep": 9999, "isTakeDelay": true, "isLandDelay": true, "isFlightDelay": true, "flightDelay": 6480, "cnt_p15": 0, "cnt_p30": 0, "cnt_p60": 3, "cnt_d15": 0, "cnt_d30": 0, "cnt_d60": 2, "cnt_w15": 0, "cnt_w30": 0, "cnt_w60": 0, "preDelayDelta": -3659.4}, {"name": "CCA1328", "tStart": 18.583, "lStart": 21.133, "tDelay": 4080, "lDelay": 3360, "epLoc": [23.3924, 113.2988], "epTag": "ZGGG", "ft": "arr", "delayH": 3360, "schedH": 21.133, "delayT": 4080, "wthTakeDep": 9999, "wthLandDep": 9999, "isTakeDelay": true, "isLandDelay": true, "isFlightDelay": true, "flightDelay": 7440, "cnt_p15": 1, "cnt_p30": 0, "cnt_p60": 2, "cnt_d15": 1, "cnt_d30": 0, "cnt_d60": 1, "cnt_w15": 0, "cnt_w30": 0, "cnt_w60": 0, "preDelayDelta": -3239.5}, {"name": "CCA1294", "tStart": 18.0, "lStart": 21.25, "tDelay": 1140, "lDelay": 1440, "epLoc": [43.9071, 87.4742], "epTag": "ZWWW", "ft": "arr", "delayH": 1440, "schedH": 21.25, "delayT": 1140, "wthTakeDep": 2500, "wthLandDep": 9999, "isTakeDelay": true, "isLandDelay": true, "isFlightDelay": true, "flightDelay": 2580, "cnt_p15": 0, "cnt_p30": 1, "cnt_p60": 2, "cnt_d15": 0, "cnt_d30": 1, "cnt_d60": 1, "cnt_w15": 0, "cnt_w30": 0, "cnt_w60": 0, "preDelayDelta": 1440.45}, {"name": "CBJ5352", "tStart": 19.75, "lStart": 21.6, "tDelay": 10020, "lDelay": 10800, "epLoc": [30.2283, 120.4317], "epTag": "ZSHC", "ft": "arr", "delayH": 10800, "schedH": 21.6, "delayT": 10020, "wthTakeDep": 8000, "wthLandDep": 9999, "isTakeDelay": true, "isLandDelay": true, "isFlightDelay": true, "flightDelay": 20820, "cnt_p15": 2, "cnt_p30": 1, "cnt_p60": 0, "cnt_d15": 2, "cnt_d30": 1, "cnt_d60": 0, "cnt_w15": 0, "cnt_w30": 0, "cnt_w60": 0, "preDelayDelta": -1439.6}, {"name": "CCA1302", "tStart": 19.5, "lStart": 22.167, "tDelay": 2280, "lDelay": 1200, "epLoc": [23.3924, 113.2988], "epTag": "ZGGG", "ft": "arr", "delayH": 1200, "schedH": 22.167, "delayT": 2280, "wthTakeDep": 9999, "wthLandDep": 9999, "isTakeDelay": true, "isLandDelay": true, "isFlightDelay": true, "flightDelay": 3480, "cnt_p15": 0, "cnt_p30": 2, "cnt_p60": 2, "cnt_d15": 0, "cnt_d30": 2, "cnt_d60": 2, "cnt_w15": 0, "cnt_w30": 0, "cnt_w60": 0, "preDelayDelta": -1138.834}, {"name": "CCA1240", "tStart": 21.0, "lStart": 0.083, "tDelay": 600, "lDelay": -1380, "epLoc": [36.117, 103.617], "epTag": "ZLAN", "ft": "arr", "delayH": -1380, "schedH": 0.083, "delayT": 600, "wthTakeDep": null, "wthLandDep": null, "isTakeDelay": false, "isLandDelay": false, "isFlightDelay": false, "flightDelay": -780, "cnt_p15": 0, "cnt_p30": 0, "cnt_p60": 0, "cnt_d15": 0, "cnt_d30": 0, "cnt_d60": 0, "cnt_w15": 0, "cnt_w30": 0, "cnt_w60": 0, "preDelayDelta": -623.4}, {"name": "CCA1226", "tStart": 21.667, "lStart": 0.183, "tDelay": 3780, "lDelay": 3480, "epLoc": [25.2181, 110.0392], "epTag": "ZGKL", "ft": "arr", "delayH": 3480, "schedH": 0.183, "delayT": 3780, "wthTakeDep": null, "wthLandDep": null, "isTakeDelay": true, "isLandDelay": true, "isFlightDelay": true, "flightDelay": 7260, "cnt_p15": 0, "cnt_p30": 0, "cnt_p60": 0, "cnt_d15": 0, "cnt_d30": 0, "cnt_d60": 0, "cnt_w15": 0, "cnt_w30": 0, "cnt_w60": 0, "preDelayDelta": 1380.417}, {"name": "CCA1116", "tStart": 23.667, "lStart": 0.5, "tDelay": 60, "lDelay": 120, "epLoc": [40.8514, 111.8241], "epTag": "ZBHH", "ft": "arr", "delayH": 120, "schedH": 0.5, "delayT": 60, "wthTakeDep": null, "wthLandDep": null, "isTakeDelay": false, "isLandDelay": false, "isFlightDelay": false, "flightDelay": 180, "cnt_p15": 0, "cnt_p30": 0, "cnt_p60": 0, "cnt_d15": 0, "cnt_d30": 0, "cnt_d60": 0, "cnt_w15": 0, "cnt_w30": 0, "cnt_w60": 0, "preDelayDelta": -3479.433}, {"name": "CBJ5118", "tStart": 23.667, "lStart": 0.75, "tDelay": 540, "lDelay": 660, "epLoc": [40.56, 109.9969], "epTag": "ZBOW", "ft": "arr", "delayH": 660, "schedH": 0.75, "delayT": 540, "wthTakeDep": null, "wthLandDep": null, "isTakeDelay": false, "isLandDelay": true, "isFlightDelay": false, "flightDelay": 1200, "cnt_p15": 0, "cnt_p30": 0, "cnt_p60": 0, "cnt_d15": 0, "cnt_d30": 0, "cnt_d60": 0, "cnt_w15": 0, "cnt_w30": 0, "cnt_w60": 0, "preDelayDelta": -119.417}, {"name": "CBJ5578", "tStart": 21.5, "lStart": 1.083, "tDelay": 1500, "lDelay": 1080, "epLoc": [18.3029, 109.4123], "epTag": "ZJSY", "ft": "arr", "delayH": 1080, "schedH": 1.083, "delayT": 1500, "wthTakeDep": null, "wthLandDep": null, "isTakeDelay": true, "isLandDelay": true, "isFlightDelay": true, "flightDelay": 2580, "cnt_p15": 0, "cnt_p30": 0, "cnt_p60": 0, "cnt_d15": 0, "cnt_d30": 0, "cnt_d60": 0, "cnt_w15": 0, "cnt_w30": 0, "cnt_w60": 0, "preDelayDelta": -659.283}, {"name": "CCA1132", "tStart": 23.417, "lStart": 1.467, "tDelay": 480, "lDelay": 420, "epLoc": [49.205, 119.825], "epTag": "ZBLA", "ft": "arr", "delayH": 420, "schedH": 1.467, "delayT": 480, "wthTakeDep": null, "wthLandDep": null, "isTakeDelay": false, "isLandDelay": false, "isFlightDelay": false, "flightDelay": 900, "cnt_p15": 0, "cnt_p30": 0, "cnt_p60": 0, "cnt_d15": 0, "cnt_d30": 0, "cnt_d60": 0, "cnt_w15": 0, "cnt_w30": 0, "cnt_w60": 0, "preDelayDelta": -1072.5}, {"name": "CCA1140", "tStart": 7.833, "lStart": 9.167, "tDelay": -60, "lDelay": -480, "epLoc": [35.1833, 111.05], "epTag": "ZBYC", "ft": "arr", "delayH": -480, "schedH": 9.167, "delayT": -60, "wthTakeDep": null, "wthLandDep": 9999, "isTakeDelay": false, "isLandDelay": false, "isFlightDelay": false, "flightDelay": -540, "cnt_p15": 0, "cnt_p30": 0, "cnt_p60": 0, "cnt_d15": 0, "cnt_d30": 0, "cnt_d60": 0, "cnt_w15": 0, "cnt_w30": 0, "cnt_w60": 0, "preDelayDelta": 3060.667}, {"name": "CCA1110", "tStart": 8.25, "lStart": 9.25, "tDelay": 1440, "lDelay": 1560, "epLoc": [43.9156, 115.9639], "epTag": "ZBXH", "ft": "arr", "delayH": 1560, "schedH": 9.25, "delayT": 1440, "wthTakeDep": null, "wthLandDep": 9999, "isTakeDelay": true, "isLandDelay": true, "isFlightDelay": true, "flightDelay": 3000, "cnt_p15": 0, "cnt_p30": 0, "cnt_p60": 0, "cnt_d15": 0, "cnt_d30": 0, "cnt_d60": 0, "cnt_w15": 0, "cnt_w30": 0, "cnt_w60": 0, "preDelayDelta": 480.25}, {"name": "CCA1136", "tStart": 8.417, "lStart": 9.417, "tDelay": -120, "lDelay": 180, "epLoc": [40.56, 109.9969], "epTag": "ZBOW", "ft": "arr", "delayH": 180, "schedH": 9.417, "delayT": -120, "wthTakeDep": null, "wthLandDep": 9999, "isTakeDelay": false, "isLandDelay": false, "isFlightDelay": false, "flightDelay": 60, "cnt_p15": 0, "cnt_p30": 0, "cnt_p60": 0, "cnt_d15": 0, "cnt_d30": 0, "cnt_d60": 0, "cnt_w15": 0, "cnt_w30": 0, "cnt_w60": 0, "preDelayDelta": -1559.75}, {"name": "CCA1120", "tStart": 8.833, "lStart": 9.5, "tDelay": 900, "lDelay": 1320, "epLoc": [40.0603, 113.4822], "epTag": "ZBDT", "ft": "arr", "delayH": 1320, "schedH": 9.5, "delayT": 900, "wthTakeDep": null, "wthLandDep": 9999, "isTakeDelay": false, "isLandDelay": true, "isFlightDelay": false, "flightDelay": 2220, "cnt_p15": 0, "cnt_p30": 0, "cnt_p60": 0, "cnt_d15": 0, "cnt_d30": 0, "cnt_d60": 0, "cnt_w15": 0, "cnt_w30": 0, "cnt_w60": 0, "preDelayDelta": -179.25}, {"name": "CCA1114", "tStart": 9.917, "lStart": 11.333, "tDelay": 60, "lDelay": 1980, "epLoc": [39.7944, 106.7994], "epTag": "ZBUH", "ft": "arr", "delayH": 1980, "schedH": 11.333, "delayT": 60, "wthTakeDep": null, "wthLandDep": 9999, "isTakeDelay": false, "isLandDelay": true, "isFlightDelay": false, "flightDelay": 2040, "cnt_p15": 0, "cnt_p30": 0, "cnt_p60": 0, "cnt_d15": 0, "cnt_d30": 0, "cnt_d60": 0, "cnt_w15": 0, "cnt_w30": 0, "cnt_w60": 0, "preDelayDelta": -2098.75}, {"name": "CBJ5316", "tStart": 9.5, "lStart": 11.75, "tDelay": 600, "lDelay": 1620, "epLoc": [45.3061, 130.9967], "epTag": "ZYJX", "ft": "arr", "delayH": 1620, "schedH": 11.75, "delayT": 600, "wthTakeDep": null, "wthLandDep": 9999, "isTakeDelay": false, "isLandDelay": true, "isFlightDelay": false, "flightDelay": 2220, "cnt_p15": 0, "cnt_p30": 0, "cnt_p60": 0, "cnt_d15": 0, "cnt_d30": 0, "cnt_d60": 0, "cnt_w15": 0, "cnt_w30": 0, "cnt_w60": 0, "preDelayDelta": -1979.583}, {"name": "CCA1284", "tStart": 10.083, "lStart": 11.75, "tDelay": -120, "lDelay": 180, "epLoc": [46.1944, 122.0086], "epTag": "ZBUL", "ft": "arr", "delayH": 180, "schedH": 11.75, "delayT": -120, "wthTakeDep": null, "wthLandDep": 9999, "isTakeDelay": false, "isLandDelay": false, "isFlightDelay": false, "flightDelay": 60, "cnt_p15": 0, "cnt_p30": 0, "cnt_p60": 0, "cnt_d15": 0, "cnt_d30": 0, "cnt_d60": 0, "cnt_w15": 0, "cnt_w30": 0, "cnt_w60": 0, "preDelayDelta": -1619.917}, {"name": "CCA1218", "tStart": 10.25, "lStart": 11.917, "tDelay": 1560, "lDelay": 1020, "epLoc": [38.3228, 106.3933], "epTag": "ZLIC", "ft": "arr", "delayH": 1020, "schedH": 11.917, "delayT": 1560, "wthTakeDep": null, "wthLandDep": 9999, "isTakeDelay": true, "isLandDelay": true, "isFlightDelay": true, "flightDelay": 2580, "cnt_p15": 0, "cnt_p30": 0, "cnt_p60": 0, "cnt_d15": 0, "cnt_d30": 0, "cnt_d60": 0, "cnt_w15": 0, "cnt_w30": 0, "cnt_w60": 0, "preDelayDelta": -3659.416}, {"name": "CCA1208", "tStart": 10.667, "lStart": 12.75, "tDelay": 60, "lDelay": -120, "epLoc": [36.5275, 102.0428], "epTag": "ZLXN", "ft": "arr", "delayH": -120, "schedH": 12.75, "delayT": 60, "wthTakeDep": null, "wthLandDep": 9999, "isTakeDelay": false, "isLandDelay": false, "isFlightDelay": false, "flightDelay": -60, "cnt_p15": 0, "cnt_p30": 0, "cnt_p60": 0, "cnt_d15": 0, "cnt_d30": 0, "cnt_d60": 0, "cnt_w15": 0, "cnt_w30": 0, "cnt_w60": 0, "preDelayDelta": -2819.884}, {"name": "CCA1214", "tStart": 11.583, "lStart": 13.083, "tDelay": 1020, "lDelay": 1140, "epLoc": [38.3228, 106.3933], "epTag": "ZLIC", "ft": "arr", "delayH": 1140, "schedH": 13.083, "delayT": 1020, "wthTakeDep": null, "wthLandDep": 9999, "isTakeDelay": true, "isLandDelay": true, "isFlightDelay": true, "flightDelay": 2160, "cnt_p15": 0, "cnt_p30": 0, "cnt_p60": 0, "cnt_d15": 0, "cnt_d30": 0, "cnt_d60": 0, "cnt_w15": 0, "cnt_w30": 0, "cnt_w60": 0, "preDelayDelta": -839.65}, {"name": "CCA1286", "tStart": 12.333, "lStart": 13.333, "tDelay": -300, "lDelay": -420, "epLoc": [41.5381, 120.435], "epTag": "ZYCY", "ft": "arr", "delayH": -420, "schedH": 13.333, "delayT": -300, "wthTakeDep": null, "wthLandDep": 9999, "isTakeDelay": false, "isLandDelay": false, "isFlightDelay": false, "flightDelay": -720, "cnt_p15": 0, "cnt_p30": 0, "cnt_p60": 0, "cnt_d15": 0, "cnt_d30": 0, "cnt_d60": 0, "cnt_w15": 0, "cnt_w30": 0, "cnt_w60": 0, "preDelayDelta": -5699.85}, {"name": "CCA1122", "tStart": 12.333, "lStart": 13.417, "tDelay": 1500, "lDelay": 1560, "epLoc": [40.56, 109.9969], "epTag": "ZBOW", "ft": "arr", "delayH": 1560, "schedH": 13.417, "delayT": 1500, "wthTakeDep": null, "wthLandDep": 9999, "isTakeDelay": true, "isLandDelay": true, "isFlightDelay": true, "flightDelay": 3060, "cnt_p15": 0, "cnt_p30": 0, "cnt_p60": 0, "cnt_d15": 0, "cnt_d30": 0, "cnt_d60": 0, "cnt_w15": 0, "cnt_w30": 0, "cnt_w60": 0, "preDelayDelta": 420.167}, {"name": "CCA1274", "tStart": 11.5, "lStart": 13.5, "tDelay": 600, "lDelay": 540, "epLoc": [36.117, 103.617], "epTag": "ZLAN", "ft": "arr", "delayH": 540, "schedH": 13.5, "delayT": 600, "wthTakeDep": null, "wthLandDep": 9999, "isTakeDelay": false, "isLandDelay": false, "isFlightDelay": false, "flightDelay": 1140, "cnt_p15": 0, "cnt_p30": 0, "cnt_p60": 0, "cnt_d15": 0, "cnt_d30": 0, "cnt_d60": 0, "cnt_w15": 0, "cnt_w30": 0, "cnt_w60": 0, "preDelayDelta": -1559.584}, {"name": "CCA1270", "tStart": 12.833, "lStart": 16.0, "tDelay": 540, "lDelay": 2220, "epLoc": [41.6978, 86.1289], "epTag": "ZWKL", "ft": "arr", "delayH": 2220, "schedH": 16.0, "delayT": 540, "wthTakeDep": null, "wthLandDep": 9999, "isTakeDelay": false, "isLandDelay": true, "isFlightDelay": false, "flightDelay": 2760, "cnt_p15": 0, "cnt_p30": 0, "cnt_p60": 0, "cnt_d15": 0, "cnt_d30": 0, "cnt_d60": 0, "cnt_w15": 0, "cnt_w30": 0, "cnt_w60": 0, "preDelayDelta": 720.284}, {"name": "CCA1238", "tStart": 14.667, "lStart": 16.15, "tDelay": 3240, "lDelay": 2340, "epLoc": [35.1833, 111.05], "epTag": "ZBYC", "ft": "arr", "delayH": 2340, "schedH": 16.15, "delayT": 3240, "wthTakeDep": null, "wthLandDep": 9999, "isTakeDelay": true, "isLandDelay": true, "isFlightDelay": true, "flightDelay": 5580, "cnt_p15": 0, "cnt_p30": 0, "cnt_p60": 0, "cnt_d15": 0, "cnt_d30": 0, "cnt_d60": 0, "cnt_w15": 0, "cnt_w30": 0, "cnt_w60": 0, "preDelayDelta": -9778.784}, {"name": "CCA1272", "tStart": 15.667, "lStart": 17.583, "tDelay": 600, "lDelay": 1380, "epLoc": [36.117, 103.617], "epTag": "ZLAN", "ft": "arr", "delayH": 1380, "schedH": 17.583, "delayT": 600, "wthTakeDep": null, "wthLandDep": 9999, "isTakeDelay": false, "isLandDelay": true, "isFlightDelay": false, "flightDelay": 1980, "cnt_p15": 0, "cnt_p30": 0, "cnt_p60": 0, "cnt_d15": 0, "cnt_d30": 0, "cnt_d60": 0, "cnt_w15": 0, "cnt_w30": 0, "cnt_w60": 0, "preDelayDelta": -2039.6}, {"name": "CCA1220", "tStart": 16.333, "lStart": 17.917, "tDelay": 900, "lDelay": -4800, "epLoc": [38.3228, 106.3933], "epTag": "ZLIC", "ft": "arr", "delayH": -4800, "schedH": 17.917, "delayT": 900, "wthTakeDep": null, "wthLandDep": 9999, "isTakeDelay": false, "isLandDelay": false, "isFlightDelay": false, "flightDelay": -3900, "cnt_p15": 0, "cnt_p30": 0, "cnt_p60": 0, "cnt_d15": 0, "cnt_d30": 0, "cnt_d60": 0, "cnt_w15": 0, "cnt_w30": 0, "cnt_w60": 0, "preDelayDelta": -13199.766}, {"name": "CBJ5282", "tStart": 15.75, "lStart": 18.633, "tDelay": 2100, "lDelay": 1620, "epLoc": [26.6792, 100.2458], "epTag": "ZPLJ", "ft": "arr", "delayH": 1620, "schedH": 18.633, "delayT": 2100, "wthTakeDep": null, "wthLandDep": 9999, "isTakeDelay": true, "isLandDelay": true, "isFlightDelay": true, "flightDelay": 3720, "cnt_p15": 0, "cnt_p30": 0, "cnt_p60": 0, "cnt_d15": 0, "cnt_d30": 0, "cnt_d60": 0, "cnt_w15": 0, "cnt_w30": 0, "cnt_w60": 0, "preDelayDelta": -3299.234}, {"name": "CBJ5396", "tStart": 18.0, "lStart": 19.567, "tDelay": 1860, "lDelay": 2400, "epLoc": [30.671, 111.441], "epTag": "ZHYC", "ft": "arr", "delayH": 2400, "schedH": 19.567, "delayT": 1860, "wthTakeDep": null, "wthLandDep": 9999, "isTakeDelay": true, "isLandDelay": true, "isFlightDelay": true, "flightDelay": 4260, "cnt_p15": 0, "cnt_p30": 0, "cnt_p60": 0, "cnt_d15": 0, "cnt_d30": 0, "cnt_d60": 0, "cnt_w15": 0, "cnt_w30": 0, "cnt_w60": 0, "preDelayDelta": -1739.8}, {"name": "CCA1228", "tStart": 18.417, "lStart": 20.083, "tDelay": 480, "lDelay": -180, "epLoc": [38.3228, 106.3933], "epTag": "ZLIC", "ft": "arr", "delayH": -180, "schedH": 20.083, "delayT": 480, "wthTakeDep": null, "wthLandDep": 9999, "isTakeDelay": false, "isLandDelay": false, "isFlightDelay": false, "flightDelay": 300, "cnt_p15": 0, "cnt_p30": 0, "cnt_p60": 0, "cnt_d15": 0, "cnt_d30": 0, "cnt_d60": 0, "cnt_w15": 0, "cnt_w30": 0, "cnt_w60": 0, "preDelayDelta": -119.05}, {"name": "CBJ5182", "tStart": 17.833, "lStart": 20.533, "tDelay": 3000, "lDelay": 3660, "epLoc": [26.6792, 100.2458], "epTag": "ZPLJ", "ft": "arr", "delayH": 3660, "schedH": 20.533, "delayT": 3000, "wthTakeDep": null, "wthLandDep": 9999, "isTakeDelay": true, "isLandDelay": true, "isFlightDelay": true, "flightDelay": 6660, "cnt_p15": 0, "cnt_p30": 0, "cnt_p60": 0, "cnt_d15": 0, "cnt_d30": 0, "cnt_d60": 0, "cnt_w15": 0, "cnt_w30": 0, "cnt_w60": 0, "preDelayDelta": 180.567}, {"name": "CCA1300", "tStart": 18.417, "lStart": 21.15, "tDelay": -660, "lDelay": -1440, "epLoc": [42.8414, 93.6692], "epTag": "ZWHM", "ft": "arr", "delayH": -1440, "schedH": 21.15, "delayT": -660, "wthTakeDep": null, "wthLandDep": 9999, "isTakeDelay": false, "isLandDelay": false, "isFlightDelay": false, "flightDelay": -2100, "cnt_p15": 0, "cnt_p30": 0, "cnt_p60": 0, "cnt_d15": 0, "cnt_d30": 0, "cnt_d60": 0, "cnt_w15": 0, "cnt_w30": 0, "cnt_w60": 0, "preDelayDelta": -3359.883}, {"name": "CCA1324", "tStart": 18.75, "lStart": 21.65, "tDelay": 2700, "lDelay": 2460, "epLoc": [22.0067, 113.3764], "epTag": "ZGSD", "ft": "arr", "delayH": 2460, "schedH": 21.65, "delayT": 2700, "wthTakeDep": null, "wthLandDep": 9999, "isTakeDelay": true, "isLandDelay": true, "isFlightDelay": true, "flightDelay": 5160, "cnt_p15": 0, "cnt_p30": 0, "cnt_p60": 0, "cnt_d15": 0, "cnt_d30": 0, "cnt_d60": 0, "cnt_w15": 0, "cnt_w30": 0, "cnt_w60": 0, "preDelayDelta": -10799.933}, {"name": "CCA1222", "tStart": 19.75, "lStart": 21.667, "tDelay": 600, "lDelay": -540, "epLoc": [36.117, 103.617], "epTag": "ZLAN", "ft": "arr", "delayH": -540, "schedH": 21.667, "delayT": 600, "wthTakeDep": null, "wthLandDep": 9999, "isTakeDelay": false, "isLandDelay": false, "isFlightDelay": false, "flightDelay": 60, "cnt_p15": 0, "cnt_p30": 0, "cnt_p60": 0, "cnt_d15": 0, "cnt_d30": 0, "cnt_d60": 0, "cnt_w15": 0, "cnt_w30": 0, "cnt_w60": 0, "preDelayDelta": -2459.983}, {"name": "CCA1262", "tStart": 19.583, "lStart": 21.667, "tDelay": 900, "lDelay": 240, "epLoc": [36.5275, 102.0428], "epTag": "ZLXN", "ft": "arr", "delayH": 240, "schedH": 21.667, "delayT": 900, "wthTakeDep": null, "wthLandDep": 9999, "isTakeDelay": false, "isLandDelay": false, "isFlightDelay": false, "flightDelay": 1140, "cnt_p15": 0, "cnt_p30": 0, "cnt_p60": 0, "cnt_d15": 0, "cnt_d30": 0, "cnt_d60": 0, "cnt_w15": 0, "cnt_w30": 0, "cnt_w60": 0, "preDelayDelta": 540.4159999999999}, {"name": "CCA1124", "tStart": 20.667, "lStart": 22.083, "tDelay": -120, "lDelay": -780, "epLoc": [43.5567, 122.1997], "epTag": "ZBTL", "ft": "arr", "delayH": -780, "schedH": 22.083, "delayT": -120, "wthTakeDep": null, "wthLandDep": null, "isTakeDelay": false, "isLandDelay": false, "isFlightDelay": false, "flightDelay": -900, "cnt_p15": 0, "cnt_p30": 0, "cnt_p60": 0, "cnt_d15": 0, "cnt_d30": 0, "cnt_d60": 0, "cnt_w15": 0, "cnt_w30": 0, "cnt_w60": 0, "preDelayDelta": -239.5}, {"name": "CCA1234", "tStart": 18.833, "lStart": 22.167, "tDelay": 480, "lDelay": 1140, "epLoc": [45.4664, 84.9525], "epTag": "ZWKM", "ft": "arr", "delayH": 1140, "schedH": 22.167, "delayT": 480, "wthTakeDep": null, "wthLandDep": 9999, "isTakeDelay": false, "isLandDelay": true, "isFlightDelay": false, "flightDelay": 1620, "cnt_p15": 0, "cnt_p30": 0, "cnt_p60": 0, "cnt_d15": 0, "cnt_d30": 0, "cnt_d60": 0, "cnt_w15": 0, "cnt_w30": 0, "cnt_w60": 0, "preDelayDelta": 780.0840000000001}, {"name": "CCA1282", "tStart": 22.5, "lStart": 23.333, "tDelay": 120, "lDelay": 120, "epLoc": [42.235, 118.9083], "epTag": "ZBCF", "ft": "arr", "delayH": 120, "schedH": 23.333, "delayT": 120, "wthTakeDep": null, "wthLandDep": null, "isTakeDelay": false, "isLandDelay": false, "isFlightDelay": false, "flightDelay": 240, "cnt_p15": 0, "cnt_p30": 0, "cnt_p60": 0, "cnt_d15": 0, "cnt_d30": 0, "cnt_d60": 0, "cnt_w15": 0, "cnt_w30": 0, "cnt_w60": 0, "preDelayDelta": -1198.584}, {"name": "CBJ5568", "tStart": 22.333, "lStart": 23.583, "tDelay": 1440, "lDelay": 2520, "epLoc": [36.2661, 120.3744], "epTag": "ZSQD", "ft": "arr", "delayH": 2520, "schedH": 23.583, "delayT": 1440, "wthTakeDep": null, "wthLandDep": null, "isTakeDelay": true, "isLandDelay": true, "isFlightDelay": true, "flightDelay": 3960, "cnt_p15": 0, "cnt_p30": 0, "cnt_p60": 0, "cnt_d15": 0, "cnt_d30": 0, "cnt_d60": 0, "cnt_w15": 0, "cnt_w30": 0, "cnt_w60": 0, "preDelayDelta": -119.75}, {"name": "CCA1108", "tStart": 22.667, "lStart": 23.583, "tDelay": -60, "lDelay": 600, "epLoc": [40.56, 109.9969], "epTag": "ZBOW", "ft": "arr", "delayH": 600, "schedH": 23.583, "delayT": -60, "wthTakeDep": null, "wthLandDep": null, "isTakeDelay": false, "isLandDelay": false, "isFlightDelay": false, "flightDelay": 540, "cnt_p15": 0, "cnt_p30": 0, "cnt_p60": 0, "cnt_d15": 0, "cnt_d30": 0, "cnt_d60": 0, "cnt_w15": 0, "cnt_w30": 0, "cnt_w60": 0}]